{
    "@context": [
        "http://uri.etsi.org/ngsi-ld/core-context.jsonld",
        "http://waterdna.kr/ngsi-ld/water.jsonld"
    ],
    "id": "urn:waterdna:LID_1",
    "type": "kr.waterdna.LID:1.1",
    "createdAt": "2018-11-15T20:10:00,000+09:00",
    "modifiedAt": "2018-11-15T20:10:00,000+09:00",
    "name": {
        "type": "Property",
        "value": "해밀지구 LID 센서 1"
    },
    "location": {
        "type": "GeoProperty",
        "value": {
            "type": "Point",
            "coordinates": [
                127.265174,
                36.525838
            ]
        }
    },
    "electricalConductivity": {
        "type": "Property",
        "value": 4.5,
        "observedAt": "2018-11-15T20:10:00,000+09:00"
    },
    "relativeDielectricPermitivity": {
        "type": "Property",
        "value": 0.5,
        "observedAt": "2018-11-15T20:10:00,000+09:00"
    },
    "temperature": {
        "type": "Property",
        "value": 0.5,
        "observedAt": "2018-11-15T20:10:00,000+09:00"
    },
    "volumetricWaterContent": {
        "type": "Property",
        "value": 0.5,
        "observedAt": "2018-11-15T20:10:00,000+09:00"
    }
}