{
    "@context": [
        "http://uri.etsi.org/ngsi-ld/core-context.jsonld",
        "http://waterdna.kr/ngsi-ld/water.jsonld"
    ],
    "id": "urn:waterdna:LID_1",
    "type": "kr.waterdna.LID:1.0",
    "createdAt": "2018-11-15T20:10:00,000+09:00",
    "modifiedAt": "2018-11-15T20:10:00,000+09:00",
    "name": {
        "type": "Property",
        "value": "세종시_6-4_LID시설"
    },
    "location": {
        "type": "GeoProperty",
        "value": {
            "type": "Point",
            "coordinates": [
                127.1293735,
                37.4114424
            ]
        }
    },
    "turbidity": {
        "type": "Property",
        "value": 4.5,
        "observedAt": "2018-11-15T20:10:00,000+09:00"
    },
    "waterLevel": {
        "type": "Property",
        "value": 0.5,
        "observedAt": "2018-11-15T20:10:00,000+09:00"
    },
    "refWaterQualitySensor": {
        "type": "Relationship",
        "object": "waterQualitySensor_102"
    },
    "refWaterLevelMeter": {
        "type": "Relationship",
        "object": "waterLevelMeter_2"
    }
}