{
    "@context": [
        "http://uri.etsi.org/ngsi-ld/core-context.jsonld",
        "http://waterdna.kr/ngsi-ld/water.jsonld"
    ],
    "id": "urn:waterdna:rawWaterSource_Daechung",
    "type": "kr.waterdna.rawWaterSource:1.0",
    "createdAt": "2018-11-15T20:10:00,000+09:00",
    "modifiedAt": "2018-11-15T20:10:00,000+09:00",
    "name": {
        "type": "Property",
        "value": "대청댐"
    },
    "location": {
        "type": "GeoProperty",
        "value": {
            "type": "Point",
            "coordinates": [
                127.1293735,
                37.4114424
            ]
        }
    },
    "waterLevel": {
        "type": "Property",
        "value": 30.2,
        "observedAt": "2018-11-15T20:10:00,000+09:00"
    },
    "pondage": {
        "type": "Property",
        "value": 3000.2,
        "observedAt": "2018-11-15T20:10:00,000+09:00"
    },
    "refWaterLevelMeter": {
        "type": "Relationship",
        "object": "urn:waterdna:waterLevelMeter_221"
    }
}