{
    "@context": [
        "http://uri.etsi.org/ngsi-ld/core-context.jsonld",
        "http://waterdna.kr/ngsi-ld/water.jsonld"
    ],
    "id": "urn:waterdna:Miho_river",
    "type": "kr.waterdna.river:1.0",
    "createdAt": "2018-11-15T20:10:00,000+09:00",
    "modifiedAt": "2018-11-15T20:10:00,000+09:00",
    "name": {
        "type": "Property",
        "value": "미호천"
    },
    "location": {
        "type": "GeoProperty",
        "value": {
            "type": "Point",
            "coordinates": [
                127.1293735,
                37.4114424
            ]
        }
    },
    "waterLevel": {
        "type": "Property",
        "value": 10.4,
        "observedAt": "2018-11-15T20:10:00,000+09:00"
    },
    "toc": {
        "type": "Property",
        "value": 2.6,
        "observedAt": "2018-11-15T20:10:00,000+09:00"
    },
    "uv254": {
        "type": "Property",
        "value": 0.03,
        "observedAt": "2018-11-15T20:10:00,000+09:00"
    },
    "turbidity": {
        "type": "Property",
        "value": 1.5,
        "observedAt": "2018-11-15T20:10:00,000+09:00"
    },
    "refWaterLevelMeter": {
        "type": "Relationship",
        "object": "urn:waterdna:waterLevelMeter_104"
    },
    "refWaterQualitySensor": {
        "type": "Relationship",
        "object": "urn:waterdna:waterLevelMeter_222"
        
    }
}