{
    "@context": [
        "http://uri.etsi.org/ngsi-ld/core-context.jsonld",
        "http://waterdna.kr/ngsi-ld/water.jsonld"
    ],
    "id": "urn:waterdna:waterPump_102",
    "type": "kr.waterdna.waterPump:1.0",
    "createdAt": "2018-11-15T20:10:00,000+09:00",
    "modifiedAt": "2018-11-15T20:10:00,000+09:00",
    "name": {
        "type": "Property",
        "value": "세종시_6-4지구_펌프"
    },
    "location": {
        "type": "GeoProperty",
        "value": {
            "type": "Point",
            "coordinates": [
                127.1293735,
                37.4114424
            ]
        }
    },
    "operationStatus": {
        "type": "Property",
        "value": "running",
        "observedAt": "2018-11-15T20:10:00,000+09:00"
    },
    "pumpCapacity": {
        "type": "Property",
        "value": 6406.4,
        "observedAt": "2018-11-15T20:10:00,000+09:00"
    },
    "refWaterPumpStation": {
        "type": "Relationship",
        "object": "urn:waterdna:waterPumpStation_102"
    }
}