{
    "@context": [
        "http://uri.etsi.org/ngsi-ld/core-context.jsonld",
        "http://waterdna.kr/ngsi-ld/water.jsonld"
    ],
    "id": "urn:waterdna:waterQualitySensor_102",
    "type": "kr.waterdna.waterQualitySensor:1.1",
    "createdAt": "2018-11-15T20:10:00,000+09:00",
    "modifiedAt": "2018-11-15T20:10:00,000+09:00",
    "name": {
        "type": "Property",
        "value": "세종시_수질센서_102"
    },
    "location": {
        "type": "GeoProperty",
        "value": {
            "type": "Point",
            "coordinates": [
                127.1293735,
                37.4114424
            ]
        }
    },
    "turbidity": {
        "type": "Property",
        "value": 0.3,
        "observedAt": "2018-11-15T20:10:00,000+09:00"
    },
    "residualChlorine": {
        "type": "Property",
        "value": 3.9,
        "observedAt": "2018-11-15T20:10:00,000+09:00"
    },
    "pH": {
        "type": "Property",
        "value": 6.5,
        "observedAt": "2018-11-15T20:10:00,000+09:00"
    },
    "refWaterPurificationPlant": {
        "type": "Relationship",
        "object": "urn:waterdna:waterPurificationPlant_112233"
    },
    "refSewageTreatmentPlant": {
        "type": "Relationship",
        "object": "urn:waterdna:sewageTreatmentPlant_112233"
    },
    "refRiver": {
        "type": "Relationship",
        "object": "urn:waterdna:Miho_river"
    }
}