{
    "@context": [
        "http://uri.etsi.org/ngsi-ld/core-context.jsonld",
        "http://waterdna.kr/ngsi-ld/water.jsonld"
    ],
    "id": "urn:waterdna:waterPurificationPlant_112233",
    "type": "kr.waterdna.waterPurificationPlant:1.0",
    "createdAt": "2018-11-15T20:10:00,000+09:00",
    "modifiedAt": "2018-11-15T20:10:00,000+09:00",
    "name": {
        "type": "Property",
        "value": "세종시_정수장_2"
    },
    "location": {
        "type": "GeoProperty",
        "value": {
            "type": "Point",
            "coordinates": [
                127.1293735,
                37.4114424
            ]
        }
    },
    "inflowFlux": {
        "type": "Property",
        "value": 3000.2,
        "observedAt": "2018-11-15T20:10:00,000+09:00"
    },
    "outflowFlux": {
        "type": "Property",
        "value": 3000.2,
        "observedAt": "2018-11-15T20:10:00,000+09:00"
    },
    "inflowToc": {
        "type": "Property",
        "value": 0.6,
        "observedAt": "2018-11-15T20:10:00,000+09:00"
    },
    "outflowToc": {
        "type": "Property",
        "value": 0.3,
        "observedAt": "2018-11-15T20:10:00,000+09:00"
    },
    "inflowUv254": {
        "type": "Property",
        "value": 0.03,
        "observedAt": "2018-11-15T20:10:00,000+09:00"
    },
    "outflowUv254": {
        "type": "Property",
        "value": 0.01,
        "observedAt": "2018-11-15T20:10:00,000+09:00"
    },
    "inflowTurbidity": {
        "type": "Property",
        "value": 4.5,
        "observedAt": "2018-11-15T20:10:00,000+09:00"
    },
    "outflowTurbidity": {
        "type": "Property",
        "value": 0.5,
        "observedAt": "2018-11-15T20:10:00,000+09:00"
    },
    "residualChlorine": {
        "type": "Property",
        "value": 3.9,
        "observedAt": "2018-11-15T20:10:00,000+09:00"
    },
    "pH": {
        "type": "Property",
        "value": 6.5,
        "observedAt": "2018-11-15T20:10:00,000+09:00"
    },
    "refWaterFlowMeter": {
        "type": "Relationship",
        "object": "urn:waterdna:waterFlowMeter_102"
    },
    "refWaterPump": {
        "type": "Relationship",
        "object": "urn:waterdna:waterPump_102"
    }
}