{
    "@context": [
        "http://uri.etsi.org/ngsi-ld/core-context.jsonld",
        "http://waterdna.kr/ngsi-ld/water.jsonld"
    ],
    "id": "urn:waterdna:waterFlowMeter_102",
    "type": "kr.waterdna.waterFlowMeter:1.0",
    "createdAt": "2018-11-15T20:10:00,000+09:00",
    "modifiedAt": "2018-11-15T20:10:00,000+09:00",
    "name": {
        "type": "Property",
        "value": "세종시_유량계_102"
    },
    "location": {
        "type": "GeoProperty",
        "value": {
            "type": "Point",
            "coordinates": [
                127.1293735,
                37.4114424
            ]
        }
    },
    "flux": {
        "type": "Property",
        "value": 3000.2,
        "observedAt": "2018-11-15T20:10:00,000+09:00"
    },
    "refWaterPumpStation": {
        "type": "Relationship",
        "object": "urn:waterdna:waterPumpStation_102"
    },
    "refWaterPurificationPlant": {
        "type": "Relationship",
        "object": "urn:waterdna:waterPurificationPlant_1"
    },
    "refWaterReservoir": {
        "type": "Relationship",
        "object": "urn:waterdna:waterReservoir_102"
    },
    "refSewageTreatmentPlant": {
        "type": "Relationship",
        "object": "urn:waterdna:sewageTreatmentPlant_112"
    },
    "refWaterPipe": {
        "type": "Relationship",
        "object": "urn:waterdna:waterPipe_102"
    }
}