{
    "@context": [
        "http://uri.etsi.org/ngsi-ld/core-context.jsonld",
        "http://waterdna.kr/ngsi-ld/water.jsonld"
    ],
    "id": "urn:waterdna:waterPredicted_2",
    "type": "kr.waterdna.waterFlowPredicted:1.0",
    "createdAt": "2018-11-15T20:10:00,000+09:00",
    "modifiedAt": "2018-11-15T20:10:00,000+09:00",
    "flux": {
        "type": "Property",
        "value": 3000.2,
        "observedAt": "2018-11-15T20:10:00,000+09:00"
    },
    "refWaterPumpStation": {
        "type": "Relationship",
        "object": "urn:waterdna:waterPumpStation_102"
    }
}