{
    "@context": [
        "http://uri.etsi.org/ngsi-ld/core-context.jsonld",
        "http://waterdna.kr/ngsi-ld/water.jsonld"
    ],
    "id": "urn:waterdna:waterPressureMeter_102",
    "type": "kr.waterdna.waterPressureMeter:1.0",
    "createdAt": "2018-11-15T20:10:00,000+09:00",
    "modifiedAt": "2018-11-15T20:10:00,000+09:00",
    "name": {
        "type": "Property",
        "value": "세종시_압력계_102"
    },
    "location": {
        "type": "GeoProperty",
        "value": {
            "type": "Point",
            "coordinates": [
                127.1293735,
                37.4114424
            ]
        }
    },
    "waterPressure": {
        "type": "Property",
        "value": 1.1,
        "observedAt": "2018-11-15T20:10:00,000+09:00"
    },
    "refWaterPipe": {
        "type": "Relationship",
        "object": "urn:waterdna:waterPipe_102"
    }
}