{
    "@context": [
        "http://uri.etsi.org/ngsi-ld/core-context.jsonld",
        "http://waterdna.kr/ngsi-ld/water.jsonld"
    ],
    "id": "urn:waterdna:waterReservoir_102",
    "type": "kr.waterdna.waterReservoir:1.0",
    "createdAt": "2018-11-15T20:10:00,000+09:00",
    "modifiedAt": "2018-11-15T20:10:00,000+09:00",
    "name": {
        "type": "Property",
        "value": "세종시_배수지_102"
    },
    "location": {
        "type": "GeoProperty",
        "value": {
            "type": "Point",
            "coordinates": [
                127.1293735,
                37.4114424
            ]
        }
    },
    "intakeVolume": {
        "type": "Property",
        "value": 3000.2,
        "observedAt": "2018-11-15T20:10:00,000+09:00"
    },
    "waterLevel": {
        "type": "Property",
        "value": 10.1,
        "observedAt": "2018-11-15T20:10:00,000+09:00"
    },
    "inflowFlux": {
        "type": "Property",
        "value": 3000.2,
        "observedAt": "2018-11-15T20:10:00,000+09:00"
    },
    "outflowFlux": {
        "type": "Property",
        "value": 3000.2,
        "observedAt": "2018-11-15T20:10:00,000+09:00"
    },
    "refWaterFlowMeter": {
        "type": "Relationship",
        "object": "urn:waterdna:waterFlowMeter_102"
    },
    "refWaterLevelMeter": {
        "type": "Relationship",
        "object": "urn:waterdna:waterLevelMeter_221"
    }
}