﻿{
   "@context": [
      "http://uri.etsi.org/ngsi-ld/core-context.jsonld",
      "http://waterdna.kr/ngsi-ld/weather.jsonld"
   ],
   "id": "urn:datahub:WeatherObserved:6831",
   "type": "kr.waterdna.weatherObserved:1.0",
   "createdAt": "2018-11-15T20:10:00,000+09:00",
   "modifiedAt": "2018-11-15T20:10:00,000+09:00",
   "location": {
      "type": "GeoProperty",
      "value": {
         "type": "Point",
         "coordinates": [
            127.1293735,
            37.4114423
         ]
      },
      "observedAt": "2018-11-15T20:09:55,000+09:00"
   },
   "address": {
      "type": "Property",
      "value": {
         "addressCountry": "KR",
         "addressRegion": "Gyeonggi-do",
         "addressLocality": "Seongnam-si",
         "streetAddress": "8th Seungin-ro",
         "addressTown": "Yatap-dong"
      }
   },
   "weatherObservation": {
      "type": "Property",
      "value": {
         "temperature": 10.2,
         "windSpeed": 0.3,
         "humidity": 68,
         "rainfall": 0.2,
         "hourlyRainfall": 2.5,
         "rainType": "비",
         "snowfall": 0.2,
         "visibility": 3000
      },
      "observedAt": "2018-11-15T20:09:55,000+09:00"
   }
}